{
  "total_return": -4.2999999999738065e-05,
  "max_drawdown": 0.005156550954172588
}