{
  "total_return": 0.008780700000000507,
  "max_drawdown": 0.0045718922188404095
}