{
  "total_return": -0.0001753999999994994,
  "max_drawdown": 0.012740886159564098
}