{
  "total_return": 0.004299750000000495,
  "max_drawdown": 0.0045923740636342955
}