{
  "total_return": 0.00811484999999957,
  "max_drawdown": 0.0050267126090055205
}