{
  "total_return": 0.00130009999999922,
  "max_drawdown": 0.001554154463274209
}