{
  "total_return": 0.00783240000000078,
  "max_drawdown": 0.005028126576315659
}