{
  "total_return": -0.0001304500000004191,
  "max_drawdown": 0.002813009122293244
}