{
  "total_return": 0.0012100499999988825,
  "max_drawdown": 0.002905489425037205
}