{
  "total_return": 0.008778250000000699,
  "max_drawdown": 0.004572247866918172
}