{
  "total_return": 0.002926950000000361,
  "max_drawdown": 0.0037634307040742346
}