{
  "total_return": -0.0035808999999977823,
  "max_drawdown": 0.008138877761779292
}