{
  "total_return": 0.009869999999999417,
  "max_drawdown": 0.01370621387075635
}